{
    "regions": [
        {
            "code": "AU",
            "name": "Australia",
            "isVisible": true
        },
        {
            "code": "CA",
            "name": "Canada",
            "isVisible": true
        },
        {
            "code": "IE",
            "name": "Ireland",
            "isVisible": true
        },
        {
            "code": "NZ",
            "name": "New Zealand",
            "isVisible": true
        },
        {
            "code": "UK",
            "name": "United Kingdom",
            "isVisible": true
        },
        {
            "code": "US",
            "name": "United States",
            "isVisible": true
        }
    ]
}