{
    "data": [
        {
            "id": "eventOverview",
            "tabname": "Event Overview",
            "disabled": false
        },
        {
            "id": "idpContacts",
            "tabname": "IDP Contacts",
            "disabled": false
        },
        {
            "id": "attachments",
            "tabname": "Attachments",
            "disabled": false
        },
        {
            "id": "events",
            "tabname": "Events",
            "disabled": false
        }
    ]
}