{
    "data": [
        {
            "id": "student-event-overview",
            "tabname": "Event Overview",
            "display": true
        },
        {
            "id": "event-details",
            "tabname": "Event Details",
            "display": true
        },
        {
            "id": "physical-event-details",
            "tabname": "Physical Event Details",
            "display": false
        },
        {
            "id": "virtual-event-details",
            "tabname": "Virtual Event Details",
            "display": false
        },
        {
            "id": "design-event",
            "tabname": "Design Event",
            "display": true
        }
    ]
}