{
    "studyLevel": [
        {
            "id": "school",
            "name": "School",
            "isVisible": true
        },
        {
            "code": "vocational",
            "name": "Vocational",
            "isVisible": true
        },
        {
            "code": "english",
            "name": "English Language",
            "isVisible": true
        },
        {
            "code": "undergraduate",
            "name": "Undergraduate",
            "isVisible": true
        },
        {
            "code": "postgraduate",
            "name": "Postgraduate",
            "isVisible": true
        },
        {
            "code": "doctorate",
            "name": "Doctorate",
            "isVisible": true
        }
    ]
}