{
    "Australia": [
        {
            "countryISOCode": "AU",
            "timezoneId": 225,
            "timezoneName": "W. Australia Time",
            "timezoneDisplayName": "(GMT+08:00) AUS Western",
            "hasDSTFlag": 0,
            "utcOffset": 480,
            "timezoneAbbr": "AWST",
            "ianaValue": "Australia/West (Australia/Perth)"
        },
        {
            "countryISOCode": "AU",
            "timezoneId": 245,
            "timezoneName": "AUS Central Time",
            "timezoneDisplayName": "(GMT+09:30) AUS Central [Darwin]",
            "hasDSTFlag": 0,
            "utcOffset": 570,
            "timezoneAbbr": "ACST",
            "ianaValue": "Australia/Darwin"
        },
        {
            "countryISOCode": "AU",
            "timezoneId": 250,
            "timezoneName": "Cen. Australia Time",
            "timezoneDisplayName": "(GMT+09:30) AUS Central [Adelaide]",
            "hasDSTFlag": 1,
            "utcOffset": 570,
            "timezoneAbbr": "ACT",
            "ianaValue": "Australia/Adelaide"
        },
        {
            "countryISOCode": "AU",
            "timezoneId": 255,
            "timezoneName": "AUS Eastern Time",
            "timezoneDisplayName": "(GMT+10:00) AUS Eastern [Brisbane]",
            "hasDSTFlag": 0,
            "utcOffset": 600,
            "timezoneAbbr": "AET",
            "ianaValue": "Australia/Brisbane"
        },
        {
            "countryISOCode": "AU",
            "timezoneId": 260,
            "timezoneName": "E. Australia Time",
            "timezoneDisplayName": "(GMT+10:00) AUS Eastern [Sydney]",
            "hasDSTFlag": 1,
            "utcOffset": 600,
            "timezoneAbbr": "AEST",
            "ianaValue": "Australia/Sydney"
        },
        {
            "countryISOCode": "AU",
            "timezoneId": 265,
            "timezoneName": "Tasmania Time",
            "timezoneDisplayName": "(GMT+10:00) Tasmania",
            "hasDSTFlag": 1,
            "utcOffset": 600,
            "timezoneAbbr": "TT",
            "ianaValue": "Australia/Tasmania (Australia/Hobart)"
        }
    ],
    "Bangladesh": [
        {
            "countryISOCode": "BD",
            "timezoneId": -1,
            "timezoneName": "Bangladesh Standard Time (BST)",
            "timezoneDisplayName": "(GMT+06:00) Bangladesh ",
            "hasDSTFlag": -1,
            "utcOffset": -1,
            "timezoneAbbr": "",
            "ianaValue": ""
        }
    ],
    "Cambodia": [
        {
            "countryISOCode": "KH",
            "timezoneId": 205,
            "timezoneName": "SE Asia Time",
            "timezoneDisplayName": "(GMT+07:00) Asia South East",
            "hasDSTFlag": 0,
            "utcOffset": 420,
            "timezoneAbbr": "ASET",
            "ianaValue": "Asia/Bangkok"
        }
    ],
    "Canada": [
        {
            "countryISOCode": "CA",
            "timezoneId": 25,
            "timezoneName": "Canada Central Time",
            "timezoneDisplayName": "(GMT-06:00) Saskatchewan",
            "hasDSTFlag": 0,
            "utcOffset": -360,
            "timezoneAbbr": "CST",
            "ianaValue": "Canada/Saskatchewan (America/Regina)"
        },
        {
            "countryISOCode": "CA",
            "timezoneId": 50,
            "timezoneName": "Atlantic Time",
            "timezoneDisplayName": "(GMT-04:00) Atlantic [Canada]",
            "hasDSTFlag": 1,
            "utcOffset": -240,
            "timezoneAbbr": "AT",
            "ianaValue": "Canada/Atlantic (America/Halifax)"
        },
        {
            "countryISOCode": "CA",
            "timezoneId": 60,
            "timezoneName": "Newfoundland Time",
            "timezoneDisplayName": "(GMT-03:30) Newfoundland",
            "hasDSTFlag": 1,
            "utcOffset": -210,
            "timezoneAbbr": "NT",
            "ianaValue": "Canada/Newfoundland (America/St_Johns)"
        }
    ],
    "China": [
        {
            "countryISOCode": "CN",
            "timezoneId": 210,
            "timezoneName": "China Time",
            "timezoneDisplayName": "(GMT+08:00) China",
            "hasDSTFlag": 0,
            "utcOffset": 480,
            "timezoneAbbr": "CST",
            "ianaValue": "Asia/Shanghai"
        }
    ],
    "Egypt": [
        {
            "countryISOCode": "EG",
            "timezoneId": 120,
            "timezoneName": "Egypt Time",
            "timezoneDisplayName": "(GMT+02:00) Egypt",
            "hasDSTFlag": 0,
            "utcOffset": 120,
            "timezoneAbbr": "EGT",
            "ianaValue": "Africa/Cairo"
        }
    ],
    "Hong Kong": [
        {
            "countryISOCode": "HK",
            "timezoneId": -1,
            "timezoneName": "Hong Kong Standard Time (HKT)",
            "timezoneDisplayName": "(GMT+08:00) Hong Kong",
            "hasDSTFlag": -1,
            "utcOffset": -1,
            "timezoneAbbr": "",
            "ianaValue": ""
        }
    ],
    "Hotcourses India": [
        {
            "countryISOCode": "IN",
            "timezoneId": 190,
            "timezoneName": "India Time",
            "timezoneDisplayName": "(GMT+05:30) India",
            "hasDSTFlag": 0,
            "utcOffset": 330,
            "timezoneAbbr": "IST",
            "ianaValue": "Asia/Kolkata"
        }
    ],
    "India": [
        {
            "countryISOCode": "IN",
            "timezoneId": 190,
            "timezoneName": "India Time",
            "timezoneDisplayName": "(GMT+05:30) India",
            "hasDSTFlag": 0,
            "utcOffset": 330,
            "timezoneAbbr": "IST",
            "ianaValue": "Asia/Kolkata"
        }
    ],
    "Indonesia": [
        {
            "countryISOCode": "ID",
            "timezoneId": -1,
            "timezoneName": "Indonesia Western Standard Time (WIB)",
            "timezoneDisplayName": "(GMT+7:00) Indonesia West",
            "hasDSTFlag": -1,
            "utcOffset": -1,
            "timezoneAbbr": "",
            "ianaValue": ""
        },
        {
            "countryISOCode": "ID",
            "timezoneId": -1,
            "timezoneName": "Indonesia Central Standard Time (WITA)",
            "timezoneDisplayName": "(GMT+08:00) Indonesia Central",
            "hasDSTFlag": -1,
            "utcOffset": -1,
            "timezoneAbbr": "",
            "ianaValue": ""
        },
        {
            "countryISOCode": "ID",
            "timezoneId": -1,
            "timezoneName": "Indonesia Eastern Standard Time (WIT)",
            "timezoneDisplayName": "(GMT+09:00) Indonesia East",
            "hasDSTFlag": -1,
            "utcOffset": -1,
            "timezoneAbbr": "",
            "ianaValue": ""
        }
    ],
    "Licensee - Indonesia": [
        {
            "countryISOCode": "ID",
            "timezoneId": -1,
            "timezoneName": "Indonesia Western Standard Time (WIB)",
            "timezoneDisplayName": "(GMT+7:00) Indonesia West",
            "hasDSTFlag": -1,
            "utcOffset": -1,
            "timezoneAbbr": "",
            "ianaValue": ""
        },
        {
            "countryISOCode": "ID",
            "timezoneId": -1,
            "timezoneName": "Indonesia Central Standard Time (WITA)",
            "timezoneDisplayName": "(GMT+08:00) Indonesia Central",
            "hasDSTFlag": -1,
            "utcOffset": -1,
            "timezoneAbbr": "",
            "ianaValue": ""
        },
        {
            "countryISOCode": "ID",
            "timezoneId": -1,
            "timezoneName": "Indonesia Eastern Standard Time (WIT)",
            "timezoneDisplayName": "(GMT+09:00) Indonesia East",
            "hasDSTFlag": -1,
            "utcOffset": -1,
            "timezoneAbbr": "",
            "ianaValue": ""
        }
    ],
    "Kenya": [
        {
            "countryISOCode": "KE",
            "timezoneId": -1,
            "timezoneName": "East Africa Time",
            "timezoneDisplayName": "(GMT+3:00) Nairobi, Kenya",
            "hasDSTFlag": -1,
            "utcOffset": -1,
            "timezoneAbbr": "",
            "ianaValue": ""
        }
    ],
    "Licensee - Bahrain": [
        {
            "countryISOCode": "BH",
            "timezoneId": 150,
            "timezoneName": "Arab Time",
            "timezoneDisplayName": "(GMT+03:00) Arab",
            "hasDSTFlag": 0,
            "utcOffset": 180,
            "timezoneAbbr": "AT",
            "ianaValue": "Asia/Riyadh"
        }
    ],
    "Licensee - Germany": [
        {
            "countryISOCode": "DE",
            "timezoneId": 95,
            "timezoneName": "Central Europe Time",
            "timezoneDisplayName": "(GMT+01:00) Europe Central",
            "hasDSTFlag": 1,
            "utcOffset": 60,
            "timezoneAbbr": "CET",
            "ianaValue": "CET"
        }
    ],
    "Licensee - Iran": [
        {
            "countryISOCode": "IR",
            "timezoneId": 160,
            "timezoneName": "Iran Time",
            "timezoneDisplayName": "(GMT+03:30) Iran",
            "hasDSTFlag": 1,
            "utcOffset": 210,
            "timezoneAbbr": "IRT",
            "ianaValue": "Asia/Tehran"
        }
    ],
    "Licensee - Jordan": [
        {
            "countryISOCode": "JO",
            "timezoneId": -1,
            "timezoneName": "Jordan Standard Time",
            "timezoneDisplayName": "(GMT+2:00) Amman",
            "hasDSTFlag": -1,
            "utcOffset": -1,
            "timezoneAbbr": "",
            "ianaValue": ""
        }
    ],
    "Licensee - Kuwait": [
        {
            "countryISOCode": "KW",
            "timezoneId": -1,
            "timezoneName": "Arab Time",
            "timezoneDisplayName": "(GMT+03:00) Arab",
            "hasDSTFlag": -1,
            "utcOffset": -1,
            "timezoneAbbr": "",
            "ianaValue": ""
        }
    ],
    "Licensee - Lebanon": [
        {
            "countryISOCode": "LB",
            "timezoneId": -1,
            "timezoneName": "Eastern European Standard Time",
            "timezoneDisplayName": "(GMT+02:00) Europe Eastern",
            "hasDSTFlag": -1,
            "utcOffset": -1,
            "timezoneAbbr": "",
            "ianaValue": ""
        }
    ],
    "Licensee - New Caledonia": [
        {
            "countryISOCode": "NC",
            "timezoneId": -1,
            "timezoneName": " New Caledonia Standard Time",
            "timezoneDisplayName": "(GMT+11:00) New Caledonia ",
            "hasDSTFlag": -1,
            "utcOffset": -1,
            "timezoneAbbr": "",
            "ianaValue": ""
        }
    ],
    "Malaysia": [
        {
            "countryISOCode": "MY",
            "timezoneId": -1,
            "timezoneName": "Malaysian Standard Time (MST)",
            "timezoneDisplayName": "(GMT+08:00) Malaysia",
            "hasDSTFlag": -1,
            "utcOffset": -1,
            "timezoneAbbr": "",
            "ianaValue": ""
        }
    ],
    "Mauritius": [
        {
            "countryISOCode": "MU",
            "timezoneId": -1,
            "timezoneName": "Mauritius Standard Time",
            "timezoneDisplayName": "(GMT+04:00) Mauritius",
            "hasDSTFlag": -1,
            "utcOffset": -1,
            "timezoneAbbr": "",
            "ianaValue": ""
        }
    ],
    "Nepal": [
        {
            "countryISOCode": "NP",
            "timezoneId": 193,
            "timezoneName": "Nepal Time",
            "timezoneDisplayName": "(GMT+05:45) Nepal",
            "hasDSTFlag": 0,
            "utcOffset": 345,
            "timezoneAbbr": "NPT",
            "ianaValue": "Asia/Katmandu (Asia/Kathmandu)"
        }
    ],
    "New Zealand": [
        {
            "countryISOCode": "NZ",
            "timezoneId": -1,
            "timezoneName": "New Zealand Standard Time (NZST",
            "timezoneDisplayName": "(GMT+12:00) New Zealand",
            "hasDSTFlag": -1,
            "utcOffset": -1,
            "timezoneAbbr": " ",
            "ianaValue": " "
        }
    ],
    "Nigeria": [
        {
            "countryISOCode": "NG",
            "timezoneId": -1,
            "timezoneName": "West Africa Time (WAT)",
            "timezoneDisplayName": "(GMT+01:00) Nigeria",
            "hasDSTFlag": -1,
            "utcOffset": -1,
            "timezoneAbbr": "",
            "ianaValue": ""
        }
    ],
    "Oman": [
        {
            "countryISOCode": "OM",
            "timezoneId": 165,
            "timezoneName": "Arabian Time",
            "timezoneDisplayName": "(GMT+04:00) Arabian",
            "hasDSTFlag": 0,
            "utcOffset": 240,
            "timezoneAbbr": "AT",
            "ianaValue": "Asia/Dubai"
        }
    ],
    "Pakistan": [
        {
            "countryISOCode": "PK",
            "timezoneId": -1,
            "timezoneName": "Pakistan Standard Time",
            "timezoneDisplayName": "(GMT+05:00) Pakistan",
            "hasDSTFlag": -1,
            "utcOffset": -1,
            "timezoneAbbr": "",
            "ianaValue": ""
        }
    ],
    "Philippines": [
        {
            "countryISOCode": "PH",
            "timezoneId": -1,
            "timezoneName": "Manila Time",
            "timezoneDisplayName": "(GMT+08:00) Manila",
            "hasDSTFlag": -1,
            "utcOffset": -1,
            "timezoneAbbr": "",
            "ianaValue": ""
        }
    ],
    "Saudi Arabia": [
        {
            "countryISOCode": "SA",
            "timezoneId": 150,
            "timezoneName": "Arab Time",
            "timezoneDisplayName": "(GMT+03:00) Arab",
            "hasDSTFlag": 0,
            "utcOffset": 180,
            "timezoneAbbr": "AT",
            "ianaValue": "Asia/Riyadh"
        }
    ],
    "Singapore": [
        {
            "countryISOCode": "SG",
            "timezoneId": 215,
            "timezoneName": "Malay Peninsula Time",
            "timezoneDisplayName": "(GMT+08:00) Malay Peninsula",
            "hasDSTFlag": 0,
            "utcOffset": 480,
            "timezoneAbbr": "MYT",
            "ianaValue": "Asia/Singapore"
        }
    ],
    "South Korea": [
        {
            "countryISOCode": "KR",
            "timezoneId": 230,
            "timezoneName": "Korea Time",
            "timezoneDisplayName": "(GMT+09:00) Korea",
            "hasDSTFlag": 0,
            "utcOffset": 540,
            "timezoneAbbr": "KST",
            "ianaValue": "Asia/Seoul"
        }
    ],
    "Sri Lanka": [
        {
            "countryISOCode": "SL",
            "timezoneId": 200,
            "timezoneName": "Sri Lanka Time",
            "timezoneDisplayName": "(GMT+05:30) Sri Lanka",
            "hasDSTFlag": 0,
            "utcOffset": 330,
            "timezoneAbbr": "SLT",
            "ianaValue": "Asia/Colombo"
        }
    ],
    "Taiwan": [
        {
            "countryISOCode": "TW",
            "timezoneId": 220,
            "timezoneName": "Taipei Time",
            "timezoneDisplayName": "(GMT+08:00) Taipei",
            "hasDSTFlag": 0,
            "utcOffset": 480,
            "timezoneAbbr": "TT",
            "ianaValue": "Asia/Taipei"
        }
    ],
    "Thailand": [
        {
            "countryISOCode": "TH",
            "timezoneId": 205,
            "timezoneName": "SE Asia Time",
            "timezoneDisplayName": "(GMT+07:00) Asia South East",
            "hasDSTFlag": 0,
            "utcOffset": 420,
            "timezoneAbbr": "ASET",
            "ianaValue": "Asia/Bangkok"
        }
    ],
    "Turkey": [
        {
            "countryISOCode": "TR",
            "timezoneId": -1,
            "timezoneName": "Turkey Time (TRT)",
            "timezoneDisplayName": "(GMT+03:00) Turkey",
            "hasDSTFlag": -1,
            "utcOffset": -1,
            "timezoneAbbr": "",
            "ianaValue": ""
        }
    ],
    "UAE": [
        {
            "countryISOCode": "AE",
            "timezoneId": 165,
            "timezoneName": "Arabian Time",
            "timezoneDisplayName": "(GMT+04:00) Arabian",
            "hasDSTFlag": -1,
            "utcOffset": -1,
            "timezoneAbbr": " ",
            "ianaValue": " "
        }
    ],
    "Vietnam": [
        {
            "countryISOCode": "VN",
            "timezoneId": -1,
            "timezoneName": "Indochina Time",
            "timezoneDisplayName": "(GMT+07:00) Asia South East",
            "hasDSTFlag": -1,
            "utcOffset": -1,
            "timezoneAbbr": "",
            "ianaValue": ""
        }
    ]
}