{
    "message": "Successful operation - 1 IDP Events found",
    "idpEvents": {
        "upcoming": [
            {
                "idpEventId": "70278872-8bcf-42ad-987e-77fc8ac5b9e1",
                "cventEventId": "MSNVR26MCQR",
                "idpEventName": "Event testingDEV",
                "idpEventType": "Virtual",
                "idpEventCategory": "Exhibition",
                "idpEventCountry": "IN - India",
                "idpEventStatus": "Active",
                "startDate": "2023-04-11T21:00:00.000",
                "endDate": "2023-04-11T22:30:00.000",
                "city": "Chennai - Adyar",
                "language": "English",
                "timezone": "India Time",
                "description": "",
                "destination": "New Zealand",
                "cventAccountId": "16D3A69D-5E8B-4442-B859-2D50B7245A4A",
                "fieldsToBeDisplayed": "Preferred_Study_Destination, Nearest_IDP_Office, Intend_Study_Plan, How_Did_You_Hear_About_IDP_Event, Nationality, Preferred_Subject, Highest_Education, Education_Funding, Preferred Mode of Counselling",
                "displayOnWebsites": "Yes",
                "participatingUniversities": "The University of Waikato-[IID-NZ-00822], Massey University-[IID-NZ-00823]",
                "eventVenue": "Hyatt Hotel",
                "eventRegistrationCount": 3,
                "eventParticipantCount": 0,
                "office": "IDP-IN-CHN",
                "created": "2023-02-10 11:27:22",
                "lastModified": "2023-02-10 11:27:22"
            },
            {
                "idpEventId": "70278872-8bcf-42ad-987e-77fc8ac5b9e1",
                "cventEventId": "MSNVR26MCQR",
                "idpEventName": "Event testingDEV1",
                "idpEventType": "Hybrid",
                "idpEventCategory": "Exhibition",
                "idpEventCountry": "IN - India",
                "idpEventStatus": "Active",
                "startDate": "2023-05-10T21:00:00.000",
                "endDate": "2023-05-10T22:30:00.000",
                "city": "Chennai - Adyar",
                "language": "English",
                "timezone": "India Time",
                "description": "",
                "destination": "New Zealand",
                "cventAccountId": "16D3A69D-5E8B-4442-B859-2D50B7245A4A",
                "fieldsToBeDisplayed": "Preferred_Study_Destination, Nearest_IDP_Office, Intend_Study_Plan, How_Did_You_Hear_About_IDP_Event, Nationality, Preferred_Subject, Highest_Education, Education_Funding, Preferred Mode of Counselling",
                "displayOnWebsites": "Yes",
                "participatingUniversities": "The University of Waikato-[IID-NZ-00822], Massey University-[IID-NZ-00823]",
                "eventVenue": "Hyatt Hotel",
                "eventRegistrationCount": 3,
                "eventParticipantCount": 0,
                "office": "IDP-IN-CHN",
                "created": "2023-02-10 11:27:22",
                "lastModified": "2023-02-10 11:27:22"
            },
            {
                "idpEventId": "70278872-8bcf-42ad-987e-77fc8ac5b9e1",
                "cventEventId": "MSNVR26MCQR",
                "idpEventName": "Event testingDEV2",
                "idpEventType": "Virtual",
                "idpEventCategory": "Exhibition",
                "idpEventCountry": "IN - India",
                "idpEventStatus": "Active",
                "startDate": "2023-06-15T21:00:00.000",
                "endDate": "2023-06-15T22:30:00.000",
                "city": "Chennai - Adyar",
                "language": "English",
                "timezone": "India Time",
                "description": "",
                "destination": "New Zealand",
                "cventAccountId": "16D3A69D-5E8B-4442-B859-2D50B7245A4A",
                "fieldsToBeDisplayed": "Preferred_Study_Destination, Nearest_IDP_Office, Intend_Study_Plan, How_Did_You_Hear_About_IDP_Event, Nationality, Preferred_Subject, Highest_Education, Education_Funding, Preferred Mode of Counselling",
                "displayOnWebsites": "Yes",
                "participatingUniversities": "The University of Waikato-[IID-NZ-00822], Massey University-[IID-NZ-00823]",
                "eventVenue": "Hyatt Hotel",
                "eventRegistrationCount": 3,
                "eventParticipantCount": 0,
                "office": "IDP-IN-CHN",
                "created": "2023-02-10 11:27:22",
                "lastModified": "2023-02-10 11:27:22"
            },
            {
                "idpEventId": "70278872-8bcf-42ad-987e-77fc8ac5b9e1",
                "cventEventId": "MSNVR26MCQR",
                "idpEventName": "Event testingDEV3",
                "idpEventType": "Physical",
                "idpEventCategory": "Exhibition",
                "idpEventCountry": "IN - India",
                "idpEventStatus": "Active",
                "startDate": "2023-09-18T21:00:00.000",
                "endDate": "2023-09-18T22:30:00.000",
                "city": "Chennai - Adyar",
                "language": "English",
                "timezone": "India Time",
                "description": "",
                "destination": "New Zealand",
                "cventAccountId": "16D3A69D-5E8B-4442-B859-2D50B7245A4A",
                "fieldsToBeDisplayed": "Preferred_Study_Destination, Nearest_IDP_Office, Intend_Study_Plan, How_Did_You_Hear_About_IDP_Event, Nationality, Preferred_Subject, Highest_Education, Education_Funding, Preferred Mode of Counselling",
                "displayOnWebsites": "Yes",
                "participatingUniversities": "The University of Waikato-[IID-NZ-00822], Massey University-[IID-NZ-00823]",
                "eventVenue": "Hyatt Hotel",
                "eventRegistrationCount": 3,
                "eventParticipantCount": 0,
                "office": "IDP-IN-CHN",
                "created": "2023-02-10 11:27:22",
                "lastModified": "2023-02-10 11:27:22"
            }
        ]
    }
}