 {
    "status": "success",
    "message": "List of all event classifications",
    "eventClassifications": [
      {
        "id": "3edd80fb-ce58-488f-97b0-1f694474d78d",
        "name": "Student Event",
        "description": "This event will only be attended by students",
        "status":"active"
      },
      {
        "id": "5903db06-86e2-11ed-a1eb-0242ac120003",
        "name": "Client Student Event",
        "description": "This event will only be attended by students and clients",
        "status":"active"
      },
      {
        "id": "5903db06-86e2-11ed-a1eb-0242ac120003",
        "name": "Client Student Event",
        "description": "This event will only be attended by students and clients",
        "status":"active"
      }
    ]
  }