{
	"questions": [
		{
			"fields": {
				"groupSequence": 1,
				"groupId": 9000,
				"groupName": "Course Enquiry",
				"repeat": false,
				"maxLimit": 1,
				"count": 13,
				"questions": [
					{
						"questionId": 13040,
						"mappingField": "first_name",
						"label": "First name",
						"defaultValue": "Enter first name",
						"countryId": "VE-IN",
						"mandatory": true,
						"maxLength": 40,
						"displayFormat": {
						"id": 5000,
						"value": "TEXT_BOX"
						},
						"options": [],
						"helpOption": true,
						"helpText": "We\u2019d love to know your name!",
						"displaySequence": 1,
						"groupId": 9000,
						"groupName": "Course Enquiry",
						"answers": "atash"
					}, 
					{
						"questionId": 13041,
						"mappingField": "last_name",
						"label": "Last name",
						"defaultValue": "Enter last name",
						"countryId": "VE-IN",
						"mandatory": true,
						"maxLength": 40,
						"displayFormat": {
							"id": 5000,
							"value": "TEXT_BOX"
						},
						"options": [],
						"helpOption": true,
						"helpText": "Please enter your last name",
						"displaySequence": 2,
						"groupId": 9000,
						"groupName": "Course Enquiry",
						"answers": "das"
					}, 
					{
						"questionId": 13042,
						"mappingField": "primary_email",
						"label": "Email address",
						"defaultValue": "Enter your email address",
						"countryId": "VE-IN",
						"mandatory": true,
						"maxLength": 100,
						"displayFormat": {
							"id": 5000,
							"value": "TEXT_BOX"
						},
						"options": [],
						"helpOption": true,
						"helpText": "We need an email we can contact you on",
						"displaySequence": 3,
						"groupId": 9000,
						"groupName": "Course Enquiry",
						"answers": "atash@yopmail.com"
					}, 
					{
						"questionId": 13043,
						"mappingField": "primary_mobile_number",
						"label": "Mobile number",
						"defaultValue": "Enter your mobile number",
						"countryId": "VE-IN",
						"mandatory": true,
						"maxLength": 10,
						"displayFormat": {
							"id": 5000,
							"value": "TEXT_BOX"
						},
						"options": [],
						"helpOption": true,
						"helpText": "Please enter a valid phone number Please check the number \u2013 it should be 10 digits with no spaces.",
						"displaySequence": 4,
						"groupId": 9000,
						"groupName": "Course Enquiry",
						"answers": null
					}, 
					{
						"questionId": 13044,
						"mappingField": "preferredCountryCode",
						"label": "Your preferred study destination",
						"defaultValue": "Select",
						"countryId": "VE-IN",
						"mandatory": true,
						"maxLength": 100,
						"displayFormat": {
							"id": 5001,
							"value": "SELECT_BOX"
						},
						"options": [{
							"option_id": 4531,
							"option_desc": "Australia",
							"option_value": "AU",
							"display_sequence": 1,
							"question_attribute_id": 1000,
							"optionReferenceQuestions": [],
							"option_label": "Australia"
						}, {
							"option_id": 4532,
							"option_desc": "Canada",
							"option_value": "CA",
							"display_sequence": 2,
							"question_attribute_id": 1000,
							"optionReferenceQuestions": [],
							"option_label": "Canada"
						}, {
							"option_id": 5004,
							"option_desc": "Ireland",
							"option_value": "IE",
							"display_sequence": 3,
							"question_attribute_id": 1000,
							"optionReferenceQuestions": [],
							"option_label": "Ireland"
						}, {
							"option_id": 4533,
							"option_desc": "New Zealand",
							"option_value": "NZ",
							"display_sequence": 4,
							"question_attribute_id": 1000,
							"optionReferenceQuestions": [],
							"option_label": "New Zealand"
						}, {
							"option_id": 4535,
							"option_desc": "UK",
							"option_value": "GB",
							"display_sequence": 5,
							"question_attribute_id": 1000,
							"optionReferenceQuestions": [],
							"option_label": "UK"
						}, {
							"option_id": 4534,
							"option_desc": "United States",
							"option_value": "US",
							"display_sequence": 6,
							"question_attribute_id": 1000,
							"optionReferenceQuestions": [],
							"option_label": "United States"
						}],
						"helpOption": true,
						"helpText": "Got any ideal countries in mind?",
						"displaySequence": 5,
						"groupId": 9000,
						"groupName": "Course Enquiry",
						"answers": ""
					}, 
					{
						"questionId": 13045,
						"mappingField": "studyPlanDate",
						"label": "When do you plan to study",
						"defaultValue": "Select",
						"countryId": "VE-IN",
						"mandatory": true,
						"maxLength": 100,
						"displayFormat": {
							"id": 5001,
							"value": "SELECT_BOX"
						},
						"options": [{
							"option_id": 4536,
							"option_desc": "Jan-2022",
							"option_value": "",
							"display_sequence": 1,
							"question_attribute_id": 1002,
							"optionReferenceQuestions": [],
							"option_label": "Jan-2022"
						}, {
							"option_id": 5035,
							"option_desc": "Feb-2022",
							"option_value": "",
							"display_sequence": 2,
							"question_attribute_id": 1002,
							"optionReferenceQuestions": [],
							"option_label": "Feb-2022"
						}, {
							"option_id": 4537,
							"option_desc": "Mar-2022",
							"option_value": "",
							"display_sequence": 3,
							"question_attribute_id": 1002,
							"optionReferenceQuestions": [],
							"option_label": "Mar-2022"
						}, {
							"option_id": 4538,
							"option_desc": "Apr-2022",
							"option_value": "",
							"display_sequence": 4,
							"question_attribute_id": 1002,
							"optionReferenceQuestions": [],
							"option_label": "Apr-2022"
						}, {
							"option_id": 5088,
							"option_desc": "May-2022",
							"option_value": "",
							"display_sequence": 5,
							"question_attribute_id": 1002,
							"optionReferenceQuestions": [],
							"option_label": "May-2022"
						}, {
							"option_id": 4539,
							"option_desc": "Jun-2022",
							"option_value": "",
							"display_sequence": 6,
							"question_attribute_id": 1002,
							"optionReferenceQuestions": [],
							"option_label": "Jun-2022"
						}, {
							"option_id": 4540,
							"option_desc": "Jul-2022",
							"option_value": "",
							"display_sequence": 7,
							"question_attribute_id": 1002,
							"optionReferenceQuestions": [],
							"option_label": "Jul-2022"
						}, {
							"option_id": 4541,
							"option_desc": "Aug-2022",
							"option_value": "",
							"display_sequence": 8,
							"question_attribute_id": 1002,
							"optionReferenceQuestions": [],
							"option_label": "Aug-2022"
						}, {
							"option_id": 4542,
							"option_desc": "Sep-2022",
							"option_value": "",
							"display_sequence": 9,
							"question_attribute_id": 1002,
							"optionReferenceQuestions": [],
							"option_label": "Sep-2022"
						}, {
							"option_id": 4543,
							"option_desc": "Oct-2022",
							"option_value": "",
							"display_sequence": 10,
							"question_attribute_id": 1002,
							"optionReferenceQuestions": [],
							"option_label": "Oct-2022"
						}, {
							"option_id": 4544,
							"option_desc": "Nov-2022",
							"option_value": "",
							"display_sequence": 11,
							"question_attribute_id": 1002,
							"optionReferenceQuestions": [],
							"option_label": "Nov-2022"
						}, {
							"option_id": 4545,
							"option_desc": "Dec-2022",
							"option_value": "",
							"display_sequence": 12,
							"question_attribute_id": 1002,
							"optionReferenceQuestions": [],
							"option_label": "Dec-2022"
						}, {
							"option_id": 4546,
							"option_desc": "Jan-2023",
							"option_value": "",
							"display_sequence": 13,
							"question_attribute_id": 1002,
							"optionReferenceQuestions": [],
							"option_label": "Jan-2023"
						}, {
							"option_id": 4547,
							"option_desc": "Feb-2023",
							"option_value": "",
							"display_sequence": 14,
							"question_attribute_id": 1002,
							"optionReferenceQuestions": [],
							"option_label": "Feb-2023"
						}, {
							"option_id": 4548,
							"option_desc": "Mar-2023",
							"option_value": "",
							"display_sequence": 15,
							"question_attribute_id": 1002,
							"optionReferenceQuestions": [],
							"option_label": "Mar-2023"
						}, {
							"option_id": 4549,
							"option_desc": "Apr-2023",
							"option_value": "",
							"display_sequence": 16,
							"question_attribute_id": 1002,
							"optionReferenceQuestions": [],
							"option_label": "Apr-2023"
						}, {
							"option_id": 4550,
							"option_desc": "May-2023",
							"option_value": "",
							"display_sequence": 17,
							"question_attribute_id": 1002,
							"optionReferenceQuestions": [],
							"option_label": "May-2023"
						}, {
							"option_id": 4551,
							"option_desc": "Jun-2023",
							"option_value": "",
							"display_sequence": 18,
							"question_attribute_id": 1002,
							"optionReferenceQuestions": [],
							"option_label": "Jun-2023"
						}, {
							"option_id": 4552,
							"option_desc": "Jul-2023",
							"option_value": "",
							"display_sequence": 19,
							"question_attribute_id": 1002,
							"optionReferenceQuestions": [],
							"option_label": "Jul-2023"
						}, {
							"option_id": 4553,
							"option_desc": "Aug-2023",
							"option_value": "",
							"display_sequence": 20,
							"question_attribute_id": 1002,
							"optionReferenceQuestions": [],
							"option_label": "Aug-2023"
						}, {
							"option_id": 5036,
							"option_desc": "Sep-2023",
							"option_value": "",
							"display_sequence": 21,
							"question_attribute_id": 1002,
							"optionReferenceQuestions": [],
							"option_label": "Sep-2023"
						}, {
							"option_id": 5037,
							"option_desc": "Oct-2023",
							"option_value": "",
							"display_sequence": 22,
							"question_attribute_id": 1002,
							"optionReferenceQuestions": [],
							"option_label": "Oct-2023"
						}, {
							"option_id": 5038,
							"option_desc": "Nov-2023",
							"option_value": "",
							"display_sequence": 23,
							"question_attribute_id": 1002,
							"optionReferenceQuestions": [],
							"option_label": "Nov-2023"
						}, {
							"option_id": 5039,
							"option_desc": "Dec-2023",
							"option_value": "",
							"display_sequence": 24,
							"question_attribute_id": 1002,
							"optionReferenceQuestions": [],
							"option_label": "Dec-2023"
						}, {
							"option_id": 5040,
							"option_desc": "Jan-2024",
							"option_value": "",
							"display_sequence": 25,
							"question_attribute_id": 1002,
							"optionReferenceQuestions": [],
							"option_label": "Jan-2024"
						}, {
							"option_id": 5041,
							"option_desc": "Feb-2024",
							"option_value": "",
							"display_sequence": 26,
							"question_attribute_id": 1002,
							"optionReferenceQuestions": [],
							"option_label": "Feb-2024"
						}, {
							"option_id": 5042,
							"option_desc": "Mar-2024",
							"option_value": "",
							"display_sequence": 27,
							"question_attribute_id": 1002,
							"optionReferenceQuestions": [],
							"option_label": "Mar-2024"
						}, {
							"option_id": 5043,
							"option_desc": "Apr-2024",
							"option_value": "",
							"display_sequence": 28,
							"question_attribute_id": 1002,
							"optionReferenceQuestions": [],
							"option_label": "Apr-2024"
						}, {
							"option_id": 5044,
							"option_desc": "May-2024",
							"option_value": "",
							"display_sequence": 29,
							"question_attribute_id": 1002,
							"optionReferenceQuestions": [],
							"option_label": "May-2024"
						}, {
							"option_id": 5045,
							"option_desc": "Jun-2024",
							"option_value": "",
							"display_sequence": 30,
							"question_attribute_id": 1002,
							"optionReferenceQuestions": [],
							"option_label": "Jun-2024"
						}, {
							"option_id": 5046,
							"option_desc": "Jul-2024",
							"option_value": "",
							"display_sequence": 31,
							"question_attribute_id": 1002,
							"optionReferenceQuestions": [],
							"option_label": "Jul-2024"
						}, {
							"option_id": 5047,
							"option_desc": "Aug-2024",
							"option_value": "",
							"display_sequence": 32,
							"question_attribute_id": 1002,
							"optionReferenceQuestions": [],
							"option_label": "Aug-2024"
						}, {
							"option_id": 5048,
							"option_desc": "Sep-2024",
							"option_value": "",
							"display_sequence": 33,
							"question_attribute_id": 1002,
							"optionReferenceQuestions": [],
							"option_label": "Sep-2024"
						}, {
							"option_id": 5049,
							"option_desc": "Oct-2024",
							"option_value": "",
							"display_sequence": 34,
							"question_attribute_id": 1002,
							"optionReferenceQuestions": [],
							"option_label": "Oct-2024"
						}, {
							"option_id": 5050,
							"option_desc": "Nov-2024",
							"option_value": "",
							"display_sequence": 35,
							"question_attribute_id": 1002,
							"optionReferenceQuestions": [],
							"option_label": "Nov-2024"
						}, {
							"option_id": 5051,
							"option_desc": "Dec-2024",
							"option_value": "",
							"display_sequence": 36,
							"question_attribute_id": 1002,
							"optionReferenceQuestions": [],
							"option_label": "Dec-2024"
						}, {
							"option_id": 5052,
							"option_desc": "Jan-2025",
							"option_value": "",
							"display_sequence": 37,
							"question_attribute_id": 1002,
							"optionReferenceQuestions": [],
							"option_label": "Jan-2025"
						}, {
							"option_id": 5053,
							"option_desc": "Feb-2025",
							"option_value": "",
							"display_sequence": 38,
							"question_attribute_id": 1002,
							"optionReferenceQuestions": [],
							"option_label": "Feb-2025"
						}, {
							"option_id": 5054,
							"option_desc": "Mar-2025",
							"option_value": "",
							"display_sequence": 39,
							"question_attribute_id": 1002,
							"optionReferenceQuestions": [],
							"option_label": "Mar-2025"
						}, {
							"option_id": 5055,
							"option_desc": "Apr-2025",
							"option_value": "",
							"display_sequence": 40,
							"question_attribute_id": 1002,
							"optionReferenceQuestions": [],
							"option_label": "Apr-2025"
						}, {
							"option_id": 5056,
							"option_desc": "May-2025",
							"option_value": "",
							"display_sequence": 41,
							"question_attribute_id": 1002,
							"optionReferenceQuestions": [],
							"option_label": "May-2025"
						}, {
							"option_id": 5057,
							"option_desc": "Jun-2025",
							"option_value": "",
							"display_sequence": 42,
							"question_attribute_id": 1002,
							"optionReferenceQuestions": [],
							"option_label": "Jun-2025"
						}, {
							"option_id": 5058,
							"option_desc": "Jul-2025",
							"option_value": "",
							"display_sequence": 43,
							"question_attribute_id": 1002,
							"optionReferenceQuestions": [],
							"option_label": "Jul-2025"
						}, {
							"option_id": 5059,
							"option_desc": "Aug-2025",
							"option_value": "",
							"display_sequence": 44,
							"question_attribute_id": 1002,
							"optionReferenceQuestions": [],
							"option_label": "Aug-2025"
						}, {
							"option_id": 5060,
							"option_desc": "Sep-2025",
							"option_value": "",
							"display_sequence": 45,
							"question_attribute_id": 1002,
							"optionReferenceQuestions": [],
							"option_label": "Sep-2025"
						}, {
							"option_id": 5061,
							"option_desc": "Oct-2025",
							"option_value": "",
							"display_sequence": 46,
							"question_attribute_id": 1002,
							"optionReferenceQuestions": [],
							"option_label": "Oct-2025"
						}, {
							"option_id": 5062,
							"option_desc": "Nov-2025",
							"option_value": "",
							"display_sequence": 47,
							"question_attribute_id": 1002,
							"optionReferenceQuestions": [],
							"option_label": "Nov-2025"
						}, {
							"option_id": 5063,
							"option_desc": "Dec-2025",
							"option_value": "",
							"display_sequence": 48,
							"question_attribute_id": 1002,
							"optionReferenceQuestions": [],
							"option_label": "Dec-2025"
						}, {
							"option_id": 5064,
							"option_desc": "Jan-2026",
							"option_value": "",
							"display_sequence": 49,
							"question_attribute_id": 1002,
							"optionReferenceQuestions": [],
							"option_label": "Jan-2026"
						}, {
							"option_id": 5065,
							"option_desc": "Feb-2026",
							"option_value": "",
							"display_sequence": 50,
							"question_attribute_id": 1002,
							"optionReferenceQuestions": [],
							"option_label": "Feb-2026"
						}, {
							"option_id": 5066,
							"option_desc": "Mar-2026",
							"option_value": "",
							"display_sequence": 51,
							"question_attribute_id": 1002,
							"optionReferenceQuestions": [],
							"option_label": "Mar-2026"
						}, {
							"option_id": 5067,
							"option_desc": "Apr-2026",
							"option_value": "",
							"display_sequence": 52,
							"question_attribute_id": 1002,
							"optionReferenceQuestions": [],
							"option_label": "Apr-2026"
						}, {
							"option_id": 5068,
							"option_desc": "May-2026",
							"option_value": "",
							"display_sequence": 53,
							"question_attribute_id": 1002,
							"optionReferenceQuestions": [],
							"option_label": "May-2026"
						}, {
							"option_id": 5069,
							"option_desc": "Jun-2026",
							"option_value": "",
							"display_sequence": 54,
							"question_attribute_id": 1002,
							"optionReferenceQuestions": [],
							"option_label": "Jun-2026"
						}, {
							"option_id": 5070,
							"option_desc": "Jul-2026",
							"option_value": "",
							"display_sequence": 55,
							"question_attribute_id": 1002,
							"optionReferenceQuestions": [],
							"option_label": "Jul-2026"
						}, {
							"option_id": 5071,
							"option_desc": "Aug-2026",
							"option_value": "",
							"display_sequence": 56,
							"question_attribute_id": 1002,
							"optionReferenceQuestions": [],
							"option_label": "Aug-2026"
						}, {
							"option_id": 5072,
							"option_desc": "Sep-2026",
							"option_value": "",
							"display_sequence": 57,
							"question_attribute_id": 1002,
							"optionReferenceQuestions": [],
							"option_label": "Sep-2026"
						}, {
							"option_id": 5073,
							"option_desc": "Oct-2026",
							"option_value": "",
							"display_sequence": 58,
							"question_attribute_id": 1002,
							"optionReferenceQuestions": [],
							"option_label": "Oct-2026"
						}, {
							"option_id": 5074,
							"option_desc": "Nov-2026",
							"option_value": "",
							"display_sequence": 59,
							"question_attribute_id": 1002,
							"optionReferenceQuestions": [],
							"option_label": "Nov-2026"
						}, {
							"option_id": 5075,
							"option_desc": "Dec-2026",
							"option_value": "",
							"display_sequence": 60,
							"question_attribute_id": 1002,
							"optionReferenceQuestions": [],
							"option_label": "Dec-2026"
						}],
						"helpOption": true,
						"helpText": "Select when you plan to study",
						"displaySequence": 6,
						"groupId": 9000,
						"groupName": "Course Enquiry",
						"answers": ""
					}, 
					{
						"questionId": 13046,
						"mappingField": "modeOfCounselling",
						"label": "Preferred mode of counselling",
						"defaultValue": "Select",
						"countryId": "VE-IN",
						"mandatory": true,
						"maxLength": 100,
						"displayFormat": {
							"id": 5001,
							"value": "SELECT_BOX"
						},
						"options": [{
							"option_id": 4610,
							"option_desc": "In-person",
							"option_value": "In-person",
							"display_sequence": 1,
							"question_attribute_id": 1022,
							"optionReferenceQuestions": [],
							"option_label": "In-person"
						}, {
							"option_id": 4611,
							"option_desc": "Virtual Counselling",
							"option_value": "Virtual Counselling",
							"display_sequence": 2,
							"question_attribute_id": 1022,
							"optionReferenceQuestions": [],
							"option_label": "Virtual Counselling"
						}],
						"helpOption": true,
						"helpText": "Select preferred mode of counselling",
						"displaySequence": 7,
						"groupId": 9000,
						"groupName": "Course Enquiry",
						"answers": ""
					}, 
					{
						"questionId": 13047,
						"mappingField": "howDidYouHear",
						"label": "How did you hear about IDP?",
						"defaultValue": "Select",
						"countryId": "VE-IN",
						"mandatory": true,
						"maxLength": 100,
						"displayFormat": {
							"id": 5001,
							"value": "SELECT_BOX"
						},
						"options": [{
							"option_id": 110534,
							"option_desc": "Newspaper Ad",
							"option_value": "01",
							"display_sequence": 1,
							"question_attribute_id": 1016,
							"optionReferenceQuestions": [],
							"option_label": "Newspaper Ad"
						}, {
							"option_id": 110535,
							"option_desc": "Friends & Family",
							"option_value": "02",
							"display_sequence": 2,
							"question_attribute_id": 1016,
							"optionReferenceQuestions": [],
							"option_label": "Friends & Family"
						}, {
							"option_id": 110536,
							"option_desc": "Social Media",
							"option_value": "03",
							"display_sequence": 3,
							"question_attribute_id": 1016,
							"optionReferenceQuestions": [],
							"option_label": "Social Media"
						}, {
							"option_id": 110537,
							"option_desc": "Online Advertisements",
							"option_value": "04",
							"display_sequence": 4,
							"question_attribute_id": 1016,
							"optionReferenceQuestions": [],
							"option_label": "Online Advertisements"
						}, {
							"option_id": 110538,
							"option_desc": "School/College Visit",
							"option_value": "05",
							"display_sequence": 5,
							"question_attribute_id": 1016,
							"optionReferenceQuestions": [],
							"option_label": "School/College Visit"
						}, {
							"option_id": 110539,
							"option_desc": "IELTS",
							"option_value": "06",
							"display_sequence": 6,
							"question_attribute_id": 1016,
							"optionReferenceQuestions": [],
							"option_label": "IELTS"
						}, {
							"option_id": 110540,
							"option_desc": "Radio Ad",
							"option_value": "07",
							"display_sequence": 7,
							"question_attribute_id": 1016,
							"optionReferenceQuestions": [],
							"option_label": "Radio Ad"
						}, {
							"option_id": 110541,
							"option_desc": "Hotcourses",
							"option_value": "08",
							"display_sequence": 8,
							"question_attribute_id": 1016,
							"optionReferenceQuestions": [],
							"option_label": "Hotcourses"
						}, {
							"option_id": 110542,
							"option_desc": "Referral Partner",
							"option_value": "11",
							"display_sequence": 9,
							"question_attribute_id": 1016,
							"optionReferenceQuestions": [],
							"option_label": "Referral Partner"
						}, {
							"option_id": 110543,
							"option_desc": "IDP Website",
							"option_value": "12",
							"display_sequence": 10,
							"question_attribute_id": 1016,
							"optionReferenceQuestions": [],
							"option_label": "IDP Website"
						}, {
							"option_id": 110544,
							"option_desc": "IDP Event",
							"option_value": "13",
							"display_sequence": 11,
							"question_attribute_id": 1016,
							"optionReferenceQuestions": [],
							"option_label": "IDP Event"
						}, {
							"option_id": 110545,
							"option_desc": "Posters/Flyers",
							"option_value": "15",
							"display_sequence": 12,
							"question_attribute_id": 1016,
							"optionReferenceQuestions": [],
							"option_label": "Posters/Flyers"
						}],
						"helpOption": true,
						"helpText": "Please select the source",
						"displaySequence": 8,
						"groupId": 9000,
						"groupName": "Course Enquiry",
						"answers": ""
					}, 
					{
						"questionId": 13048,
						"mappingField": "nearestldpOffice",
						"label": "Your nearest IDP office",
						"defaultValue": "Select",
						"countryId": "VE-IN",
						"mandatory": true,
						"maxLength": 100,
						"displayFormat": {
							"id": 5001,
							"value": "SELECT_BOX"
						},
						"options": [{
							"option_id": 112333,
							"option_desc": "Agra",
							"option_value": "Agra",
							"display_sequence": 1,
							"question_attribute_id": 1013,
							"optionReferenceQuestions": [],
							"option_label": "Agra"
						}, {
							"option_id": 4927,
							"option_desc": "Ahmedabad",
							"option_value": "Ahmedabad",
							"display_sequence": 2,
							"question_attribute_id": 1013,
							"optionReferenceQuestions": [],
							"option_label": "Ahmedabad"
						}, {
							"option_id": 4928,
							"option_desc": "Amritsar",
							"option_value": "Amritsar",
							"display_sequence": 3,
							"question_attribute_id": 1013,
							"optionReferenceQuestions": [],
							"option_label": "Amritsar"
						}, {
							"option_id": 112328,
							"option_desc": "Anand",
							"option_value": "Anand",
							"display_sequence": 4,
							"question_attribute_id": 1013,
							"optionReferenceQuestions": [],
							"option_label": "Anand"
						}, {
							"option_id": 4931,
							"option_desc": "Bangalore - JP Nagar",
							"option_value": "Bangalore - JP Nagar",
							"display_sequence": 5,
							"question_attribute_id": 1013,
							"optionReferenceQuestions": [],
							"option_label": "Bangalore - JP Nagar"
						}, {
							"option_id": 4930,
							"option_desc": "Bangalore - St. Marks Road",
							"option_value": "Bangalore - St. Marks Road",
							"display_sequence": 6,
							"question_attribute_id": 1013,
							"optionReferenceQuestions": [],
							"option_label": "Bangalore - St. Marks Road"
						}, {
							"option_id": 4929,
							"option_desc": "Bangalore - Whitefield",
							"option_value": "Bangalore - Whitefield",
							"display_sequence": 7,
							"question_attribute_id": 1013,
							"optionReferenceQuestions": [],
							"option_label": "Bangalore - Whitefield"
						}, {
							"option_id": 4932,
							"option_desc": "Bathinda",
							"option_value": "Bathinda",
							"display_sequence": 8,
							"question_attribute_id": 1013,
							"optionReferenceQuestions": [],
							"option_label": "Bathinda"
						}, {
							"option_id": 112354,
							"option_desc": "Bhopal",
							"option_value": "Bhopal",
							"display_sequence": 9,
							"question_attribute_id": 1013,
							"optionReferenceQuestions": [],
							"option_label": "Bhopal"
						}, {
							"option_id": 112352,
							"option_desc": "Bhubaneswar",
							"option_value": "Bhubaneswar",
							"display_sequence": 10,
							"question_attribute_id": 1013,
							"optionReferenceQuestions": [],
							"option_label": "Bhubaneswar"
						}, {
							"option_id": 112330,
							"option_desc": "Calicut",
							"option_value": "Calicut",
							"display_sequence": 11,
							"question_attribute_id": 1013,
							"optionReferenceQuestions": [],
							"option_label": "Calicut"
						}, {
							"option_id": 4933,
							"option_desc": "Chandigarh",
							"option_value": "Chandigarh",
							"display_sequence": 12,
							"question_attribute_id": 1013,
							"optionReferenceQuestions": [],
							"option_label": "Chandigarh"
						}, {
							"option_id": 4952,
							"option_desc": "Chandigarh - Mohali",
							"option_value": "Chandigarh - Mohali",
							"display_sequence": 13,
							"question_attribute_id": 1013,
							"optionReferenceQuestions": [],
							"option_label": "Chandigarh - Mohali"
						}, {
							"option_id": 4934,
							"option_desc": "Chennai - Adyar",
							"option_value": "Chennai - Adyar",
							"display_sequence": 14,
							"question_attribute_id": 1013,
							"optionReferenceQuestions": [],
							"option_label": "Chennai - Adyar"
						}, {
							"option_id": 4935,
							"option_desc": "Chennai - Nungambakkam",
							"option_value": "Chennai - Nungambakkam",
							"display_sequence": 15,
							"question_attribute_id": 1013,
							"optionReferenceQuestions": [],
							"option_label": "Chennai - Nungambakkam"
						}, {
							"option_id": 4936,
							"option_desc": "Coimbatore",
							"option_value": "Coimbatore",
							"display_sequence": 16,
							"question_attribute_id": 1013,
							"optionReferenceQuestions": [],
							"option_label": "Coimbatore"
						}, {
							"option_id": 112353,
							"option_desc": "Dehradun",
							"option_value": "Dehradun",
							"display_sequence": 17,
							"question_attribute_id": 1013,
							"optionReferenceQuestions": [],
							"option_label": "Dehradun"
						}, {
							"option_id": 4958,
							"option_desc": "Delhi - Nehru Place",
							"option_value": "Delhi - Nehru Place",
							"display_sequence": 18,
							"question_attribute_id": 1013,
							"optionReferenceQuestions": [],
							"option_label": "Delhi - Nehru Place"
						}, {
							"option_id": 4937,
							"option_desc": "Delhi - Rajouri Garden",
							"option_value": "Delhi - Rajouri Garden",
							"display_sequence": 19,
							"question_attribute_id": 1013,
							"optionReferenceQuestions": [],
							"option_label": "Delhi - Rajouri Garden"
						}, {
							"option_id": 112329,
							"option_desc": "Gandhinagar",
							"option_value": "Gandhinagar",
							"display_sequence": 20,
							"question_attribute_id": 1013,
							"optionReferenceQuestions": [],
							"option_label": "Gandhinagar"
						}, {
							"option_id": 112343,
							"option_desc": "Goa",
							"option_value": "Goa",
							"display_sequence": 21,
							"question_attribute_id": 1013,
							"optionReferenceQuestions": [],
							"option_label": "Goa"
						}, {
							"option_id": 4938,
							"option_desc": "Guntur",
							"option_value": "Guntur",
							"display_sequence": 22,
							"question_attribute_id": 1013,
							"optionReferenceQuestions": [],
							"option_label": "Guntur"
						}, {
							"option_id": 4939,
							"option_desc": "Gurgaon",
							"option_value": "Gurgaon",
							"display_sequence": 23,
							"question_attribute_id": 1013,
							"optionReferenceQuestions": [],
							"option_label": "Gurgaon"
						}, {
							"option_id": 112332,
							"option_desc": "Guwahati",
							"option_value": "Guwahati",
							"display_sequence": 24,
							"question_attribute_id": 1013,
							"optionReferenceQuestions": [],
							"option_label": "Guwahati"
						}, {
							"option_id": 112339,
							"option_desc": "Hubli",
							"option_value": "Hubli",
							"display_sequence": 25,
							"question_attribute_id": 1013,
							"optionReferenceQuestions": [],
							"option_label": "Hubli"
						}, {
							"option_id": 4940,
							"option_desc": "Hyderabad - Kukatpally",
							"option_value": "Hyderabad - Kukatpally",
							"display_sequence": 26,
							"question_attribute_id": 1013,
							"optionReferenceQuestions": [],
							"option_label": "Hyderabad - Kukatpally"
						}, {
							"option_id": 4941,
							"option_desc": "Hyderabad - Somajiguda",
							"option_value": "Hyderabad - Somajiguda",
							"display_sequence": 27,
							"question_attribute_id": 1013,
							"optionReferenceQuestions": [],
							"option_label": "Hyderabad - Somajiguda"
						}, {
							"option_id": 4943,
							"option_desc": "Indore",
							"option_value": "Indore",
							"display_sequence": 28,
							"question_attribute_id": 1013,
							"optionReferenceQuestions": [],
							"option_label": "Indore"
						}, {
							"option_id": 4944,
							"option_desc": "Jaipur",
							"option_value": "Jaipur",
							"display_sequence": 29,
							"question_attribute_id": 1013,
							"optionReferenceQuestions": [],
							"option_label": "Jaipur"
						}, {
							"option_id": 4945,
							"option_desc": "Jalandhar",
							"option_value": "Jalandhar",
							"display_sequence": 30,
							"question_attribute_id": 1013,
							"optionReferenceQuestions": [],
							"option_label": "Jalandhar"
						}, {
							"option_id": 112348,
							"option_desc": "Jammu",
							"option_value": "Jammu",
							"display_sequence": 31,
							"question_attribute_id": 1013,
							"optionReferenceQuestions": [],
							"option_label": "Jammu"
						}, {
							"option_id": 112334,
							"option_desc": "Jodhpur",
							"option_value": "Jodhpur",
							"display_sequence": 32,
							"question_attribute_id": 1013,
							"optionReferenceQuestions": [],
							"option_label": "Jodhpur"
						}, {
							"option_id": 112342,
							"option_desc": "Kakinada",
							"option_value": "Kakinada",
							"display_sequence": 33,
							"question_attribute_id": 1013,
							"optionReferenceQuestions": [],
							"option_label": "Kakinada"
						}, {
							"option_id": 112335,
							"option_desc": "Kanpur",
							"option_value": "Kanpur",
							"display_sequence": 34,
							"question_attribute_id": 1013,
							"optionReferenceQuestions": [],
							"option_label": "Kanpur"
						}, {
							"option_id": 4946,
							"option_desc": "Kochi",
							"option_value": "Kochi",
							"display_sequence": 35,
							"question_attribute_id": 1013,
							"optionReferenceQuestions": [],
							"option_label": "Kochi"
						}, {
							"option_id": 4947,
							"option_desc": "Kolkata",
							"option_value": "Kolkata",
							"display_sequence": 36,
							"question_attribute_id": 1013,
							"optionReferenceQuestions": [],
							"option_label": "Kolkata"
						}, {
							"option_id": 112347,
							"option_desc": "Kurukshetra",
							"option_value": "Kurukshetra",
							"display_sequence": 37,
							"question_attribute_id": 1013,
							"optionReferenceQuestions": [],
							"option_label": "Kurukshetra"
						}, {
							"option_id": 4948,
							"option_desc": "Lucknow",
							"option_value": "Lucknow",
							"display_sequence": 38,
							"question_attribute_id": 1013,
							"optionReferenceQuestions": [],
							"option_label": "Lucknow"
						}, {
							"option_id": 4949,
							"option_desc": "Ludhiana - Feroze Gandhi Market",
							"option_value": "Ludhiana - Feroze Gandhi Market",
							"display_sequence": 39,
							"question_attribute_id": 1013,
							"optionReferenceQuestions": [],
							"option_label": "Ludhiana - Feroze Gandhi Market"
						}, {
							"option_id": 112327,
							"option_desc": "Ludhiana - ISBT Bus Stand",
							"option_value": "Ludhiana - ISBT Bus Stand",
							"display_sequence": 40,
							"question_attribute_id": 1013,
							"optionReferenceQuestions": [],
							"option_label": "Ludhiana - ISBT Bus Stand"
						}, {
							"option_id": 4950,
							"option_desc": "Mangalore",
							"option_value": "Mangalore",
							"display_sequence": 41,
							"question_attribute_id": 1013,
							"optionReferenceQuestions": [],
							"option_label": "Mangalore"
						}, {
							"option_id": 112338,
							"option_desc": "Meerut",
							"option_value": "Meerut",
							"display_sequence": 42,
							"question_attribute_id": 1013,
							"optionReferenceQuestions": [],
							"option_label": "Meerut"
						}, {
							"option_id": 4951,
							"option_desc": "Moga",
							"option_value": "Moga",
							"display_sequence": 43,
							"question_attribute_id": 1013,
							"optionReferenceQuestions": [],
							"option_label": "Moga"
						}, {
							"option_id": 4954,
							"option_desc": "Mumbai - Andheri",
							"option_value": "Mumbai - Andheri",
							"display_sequence": 44,
							"question_attribute_id": 1013,
							"optionReferenceQuestions": [],
							"option_label": "Mumbai - Andheri"
						}, {
							"option_id": 4953,
							"option_desc": "Mumbai - Churchgate",
							"option_value": "Mumbai - Churchgate",
							"display_sequence": 45,
							"question_attribute_id": 1013,
							"optionReferenceQuestions": [],
							"option_label": "Mumbai - Churchgate"
						}, {
							"option_id": 112506,
							"option_desc": "Mumbai - Dadar",
							"option_value": "Mumbai - Dadar",
							"display_sequence": 46,
							"question_attribute_id": 1013,
							"optionReferenceQuestions": [],
							"option_label": "Mumbai - Dadar"
						}, {
							"option_id": 4962,
							"option_desc": "Mumbai - Thane",
							"option_value": "Mumbai - Thane",
							"display_sequence": 47,
							"question_attribute_id": 1013,
							"optionReferenceQuestions": [],
							"option_label": "Mumbai - Thane"
						}, {
							"option_id": 4955,
							"option_desc": "Mumbai Vashi",
							"option_value": "Mumbai Vashi",
							"display_sequence": 48,
							"question_attribute_id": 1013,
							"optionReferenceQuestions": [],
							"option_label": "Mumbai Vashi"
						}, {
							"option_id": 4956,
							"option_desc": "Mysore",
							"option_value": "Mysore",
							"display_sequence": 49,
							"question_attribute_id": 1013,
							"optionReferenceQuestions": [],
							"option_label": "Mysore"
						}, {
							"option_id": 4957,
							"option_desc": "Nagpur",
							"option_value": "Nagpur",
							"display_sequence": 50,
							"question_attribute_id": 1013,
							"optionReferenceQuestions": [],
							"option_label": "Nagpur"
						}, {
							"option_id": 112344,
							"option_desc": "Nashik",
							"option_value": "Nashik",
							"display_sequence": 51,
							"question_attribute_id": 1013,
							"optionReferenceQuestions": [],
							"option_label": "Nashik"
						}, {
							"option_id": 4942,
							"option_desc": "Noida",
							"option_value": "Noida",
							"display_sequence": 52,
							"question_attribute_id": 1013,
							"optionReferenceQuestions": [],
							"option_label": "Noida"
						}, {
							"option_id": 112637,
							"option_desc": "Panchkula",
							"option_value": "Panchkula",
							"display_sequence": 53,
							"question_attribute_id": 1013,
							"optionReferenceQuestions": [],
							"option_label": "Panchkula"
						}, {
							"option_id": 4959,
							"option_desc": "Patiala",
							"option_value": "Patiala",
							"display_sequence": 54,
							"question_attribute_id": 1013,
							"optionReferenceQuestions": [],
							"option_label": "Patiala"
						}, {
							"option_id": 112331,
							"option_desc": "Patna",
							"option_value": "Patna",
							"display_sequence": 55,
							"question_attribute_id": 1013,
							"optionReferenceQuestions": [],
							"option_label": "Patna"
						}, {
							"option_id": 112337,
							"option_desc": "Prayagraj",
							"option_value": "Prayagraj",
							"display_sequence": 56,
							"question_attribute_id": 1013,
							"optionReferenceQuestions": [],
							"option_label": "Prayagraj"
						}, {
							"option_id": 4960,
							"option_desc": "Pune",
							"option_value": "Pune",
							"display_sequence": 57,
							"question_attribute_id": 1013,
							"optionReferenceQuestions": [],
							"option_label": "Pune"
						}, {
							"option_id": 112345,
							"option_desc": "Raipur",
							"option_value": "Raipur",
							"display_sequence": 58,
							"question_attribute_id": 1013,
							"optionReferenceQuestions": [],
							"option_label": "Raipur"
						}, {
							"option_id": 112351,
							"option_desc": "Rajkot",
							"option_value": "Rajkot",
							"display_sequence": 59,
							"question_attribute_id": 1013,
							"optionReferenceQuestions": [],
							"option_label": "Rajkot"
						}, {
							"option_id": 112346,
							"option_desc": "Shimla",
							"option_value": "Shimla",
							"display_sequence": 60,
							"question_attribute_id": 1013,
							"optionReferenceQuestions": [],
							"option_label": "Shimla"
						}, {
							"option_id": 4961,
							"option_desc": "Surat",
							"option_value": "Surat",
							"display_sequence": 61,
							"question_attribute_id": 1013,
							"optionReferenceQuestions": [],
							"option_label": "Surat"
						}, {
							"option_id": 112350,
							"option_desc": "Thrissur",
							"option_value": "Thrissur",
							"display_sequence": 62,
							"question_attribute_id": 1013,
							"optionReferenceQuestions": [],
							"option_label": "Thrissur"
						}, {
							"option_id": 112341,
							"option_desc": "Tirupati",
							"option_value": "Tirupati",
							"display_sequence": 63,
							"question_attribute_id": 1013,
							"optionReferenceQuestions": [],
							"option_label": "Tirupati"
						}, {
							"option_id": 112349,
							"option_desc": "Trichy",
							"option_value": "Trichy",
							"display_sequence": 64,
							"question_attribute_id": 1013,
							"optionReferenceQuestions": [],
							"option_label": "Trichy"
						}, {
							"option_id": 4963,
							"option_desc": "Trivandrum",
							"option_value": "Trivandrum",
							"display_sequence": 65,
							"question_attribute_id": 1013,
							"optionReferenceQuestions": [],
							"option_label": "Trivandrum"
						}, {
							"option_id": 4964,
							"option_desc": "Vadodara",
							"option_value": "Vadodara",
							"display_sequence": 66,
							"question_attribute_id": 1013,
							"optionReferenceQuestions": [],
							"option_label": "Vadodara"
						}, {
							"option_id": 112336,
							"option_desc": "Varanasi",
							"option_value": "Varanasi",
							"display_sequence": 67,
							"question_attribute_id": 1013,
							"optionReferenceQuestions": [],
							"option_label": "Varanasi"
						}, {
							"option_id": 4965,
							"option_desc": "Vijayawada",
							"option_value": "Vijayawada",
							"display_sequence": 68,
							"question_attribute_id": 1013,
							"optionReferenceQuestions": [],
							"option_label": "Vijayawada"
						}, {
							"option_id": 4966,
							"option_desc": "Vizag",
							"option_value": "Vizag",
							"display_sequence": 69,
							"question_attribute_id": 1013,
							"optionReferenceQuestions": [],
							"option_label": "Vizag"
						}, {
							"option_id": 112340,
							"option_desc": "Warangal",
							"option_value": "Warangal",
							"display_sequence": 70,
							"question_attribute_id": 1013,
							"optionReferenceQuestions": [],
							"option_label": "Warangal"
						}],
						"helpOption": true,
						"helpText": "Please select your nearest IDP Office",
						"displaySequence": 9,
						"groupId": 9000,
						"groupName": "Course Enquiry",
						"answers": ""
					}, 
					{
						"questionId": 13049,
						"mappingField": "preferredStudyLevel",
						"label": "Preferred study level",
						"defaultValue": "Select",
						"countryId": "VE-IN",
						"mandatory": true,
						"maxLength": 100,
						"displayFormat": {
							"id": 5001,
							"value": "SELECT_BOX"
						},
						"options": [{
							"option_id": 4603,
							"option_desc": "English Language",
							"option_value": "IDPL01",
							"display_sequence": 1,
							"question_attribute_id": 1003,
							"optionReferenceQuestions": [],
							"option_label": "English Language"
						}, {
							"option_id": 4604,
							"option_desc": "School",
							"option_value": "IDPL02",
							"display_sequence": 2,
							"question_attribute_id": 1003,
							"optionReferenceQuestions": [],
							"option_label": "School"
						}, {
							"option_id": 4605,
							"option_desc": "Undergraduate",
							"option_value": "IDPL03",
							"display_sequence": 3,
							"question_attribute_id": 1003,
							"optionReferenceQuestions": [],
							"option_label": "Undergraduate"
						}, {
							"option_id": 4606,
							"option_desc": "Postgraduate",
							"option_value": "IDPL04",
							"display_sequence": 4,
							"question_attribute_id": 1003,
							"optionReferenceQuestions": [],
							"option_label": "Postgraduate"
						}, {
							"option_id": 4607,
							"option_desc": "Doctorate",
							"option_value": "IDPL05",
							"display_sequence": 5,
							"question_attribute_id": 1003,
							"optionReferenceQuestions": [],
							"option_label": "Doctorate"
						}, {
							"option_id": 4608,
							"option_desc": "Vocational",
							"option_value": "IDPL06",
							"display_sequence": 6,
							"question_attribute_id": 1003,
							"optionReferenceQuestions": [],
							"option_label": "Vocational"
						}, {
							"option_id": 4609,
							"option_desc": "University Preparation",
							"option_value": "IDPL07",
							"display_sequence": 7,
							"question_attribute_id": 1003,
							"optionReferenceQuestions": [],
							"option_label": "University Preparation"
						}],
						"helpOption": true,
						"helpText": "Please select preferred study level",
						"displaySequence": 10,
						"groupId": 9000,
						"groupName": "Course Enquiry",
						"answers": ""
					}, 
					{
						"questionId": 13050,
						"mappingField": "termsAndConditionsAcceptance",
						"label": "I understand that when I register for this event, IDP may disclose the registration information I provide to the University and Institution partners that are participating in the event.",
						"defaultValue": null,
						"countryId": "VE-IN",
						"mandatory": true,
						"maxLength": 100,
						"displayFormat": {
							"id": 5003,
							"value": "CHECKBOX"
						},
						"options": [],
						"helpOption": true,
						"helpText": "Please agree to our terms",
						"displaySequence": 11,
						"groupId": 9000,
						"groupName": "Course Enquiry",
						"answers": "yes"
					}, 
					{
						"questionId": 13051,
						"mappingField": "contactMeBy",
						"label": "By registering, I agree to IDP contacting me by phone, email or SMS about my study abroad enquiry.",
						"defaultValue": "IDP010,IDP020",
						"countryId": "VE-IN",
						"mandatory": true,
						"maxLength": 100,
						"displayFormat": {
							"id": 5003,
							"value": "CHECKBOX"
						},
						"options": [],
						"helpOption": true,
						"helpText": "Can we call you to get started?",
						"displaySequence": 12,
						"groupId": 9000,
						"groupName": "Course Enquiry",
						"answers": "Phone, Email, SMS"
					}, 
					{
						"questionId": 13052,
						"mappingField": "marketing_acceptance_flag",
						"label": "I'd love to get useful communication from IDP or our institution partners, about study abroad, scholarships and IELTS.",
						"defaultValue": null,
						"countryId": "VE-IN",
						"mandatory": null,
						"maxLength": 100,
						"displayFormat": {
							"id": 5003,
							"value": "CHECKBOX"
						},
						"options": [],
						"helpOption": true,
						"helpText": "Please agree to get useful emails from IDP",
						"displaySequence": 13,
						"groupId": 9000,
						"groupName": "Course Enquiry",
						"answers": {
							"acceptSms": "no",
							"acceptEmails": "no",
							"acceptPhoneCalls": "no",
							"smsChannelObjectId": "",
							"emailChannelObjectId": "",
							"phoneChannelObjectId": ""
						}
					}
				]
			}
		}
	],
	"dialCodeRules": [
	{
		"maxLength": "9",
		"minLength": "9",
		"optionKey": "+61",
		"optionValue": "AU(+61)"
	}, {
		"maxLength": "11",
		"minLength": "10",
		"optionKey": "+880",
		"optionValue": "BD(+880)"
	}, {
		"maxLength": "8",
		"minLength": "8",
		"optionKey": "+973",
		"optionValue": "BH(+973)"
	}, {
		"maxLength": "10",
		"minLength": "10",
		"optionKey": "+1",
		"optionValue": "CA(+1)"
	}, {
		"maxLength": "11",
		"minLength": "11",
		"optionKey": "+86",
		"optionValue": "CN(+86)"
	}, {
		"maxLength": "10",
		"minLength": "10",
		"optionKey": "+20",
		"optionValue": "EG(+20)"
	}, {
		"maxLength": "8",
		"minLength": "8",
		"optionKey": "+852",
		"optionValue": "HK(+852)"
	}, {
		"maxLength": "13",
		"minLength": "9",
		"optionKey": "+62",
		"optionValue": "ID(+62)"
	}, {
		"maxLength": "10",
		"minLength": "10",
		"optionKey": "+91",
		"optionValue": "IN(+91)"
	}, {
		"maxLength": "9",
		"minLength": "9",
		"optionKey": "+962",
		"optionValue": "JO(+962)"
	}, {
		"maxLength": "9",
		"minLength": "9",
		"optionKey": "+254",
		"optionValue": "KE(+254)"
	}, {
		"maxLength": "9",
		"minLength": "8",
		"optionKey": "+855",
		"optionValue": "KH(+855)"
	}, {
		"maxLength": "11",
		"minLength": "11",
		"optionKey": "+82",
		"optionValue": "KR(+82)"
	}, {
		"maxLength": "8",
		"minLength": "8",
		"optionKey": "+965",
		"optionValue": "KW(+965)"
	}, {
		"maxLength": "7",
		"minLength": "7",
		"optionKey": "+961",
		"optionValue": "LB(+961)"
	}, {
		"maxLength": "9",
		"minLength": "9",
		"optionKey": "+94",
		"optionValue": "LK(+94)"
	}, {
		"maxLength": "8",
		"minLength": "8",
		"optionKey": "+853",
		"optionValue": "MO(+853)"
	}, {
		"maxLength": "8",
		"minLength": "8",
		"optionKey": "+230",
		"optionValue": "MU(+230)"
	}, {
		"maxLength": "11",
		"minLength": "9",
		"optionKey": "+60",
		"optionValue": "MY(+60)"
	}, {
		"maxLength": "10",
		"minLength": "10",
		"optionKey": "+234",
		"optionValue": "NG(+234)"
	}, {
		"maxLength": "10",
		"minLength": "10",
		"optionKey": "+977",
		"optionValue": "NP(+977)"
	}, {
		"maxLength": "9",
		"minLength": "9",
		"optionKey": "+64",
		"optionValue": "NZ(+64)"
	}, {
		"maxLength": "8",
		"minLength": "8",
		"optionKey": "+968",
		"optionValue": "OM(+968)"
	}, {
		"maxLength": "10",
		"minLength": "10",
		"optionKey": "+63",
		"optionValue": "PH(+63)"
	}, {
		"maxLength": "10",
		"minLength": "10",
		"optionKey": "+92",
		"optionValue": "PK(+92)"
	}, {
		"maxLength": "9",
		"minLength": "9",
		"optionKey": "+966",
		"optionValue": "SA(+966)"
	}, {
		"maxLength": "8",
		"minLength": "8",
		"optionKey": "+65",
		"optionValue": "SG(+65)"
	}, {
		"maxLength": "9",
		"minLength": "9",
		"optionKey": "+66",
		"optionValue": "TH(+66)"
	}, {
		"maxLength": "10",
		"minLength": "10",
		"optionKey": "+90",
		"optionValue": "TR(+90)"
	}, {
		"maxLength": "9",
		"minLength": "9",
		"optionKey": "+886",
		"optionValue": "TW(+886)"
	}, {
		"maxLength": "9",
		"minLength": "9",
		"optionKey": "+971",
		"optionValue": "UAE(+971)"
	}, {
		"maxLength": "9",
		"minLength": "9",
		"optionKey": "+84",
		"optionValue": "VN(+84)"
	}],
	"businessProcessMessage": {
		"processId": "",
		"processName": "Student Virtual Event Registration",
		"eventType": "MeetIDP-Student-Virtual-Event-Registered",
		"messageBody": {
			"studentProfileID": "",
			"correlationId": "",
			"crmStudentId": "",
			"crmStudentUuid": "",
			"eventType": "",
			"idpEventId": "",
			"cventAccountId": "",
			"cventEventCode": "",
			"firstName": "",
			"lastName": "",
			"mobileNumber": "",
			"emailId": "",
			"gender": "",
			"maritalStatus": "",
			"highestEducation": "",
			"primaryFinancialSource": "",
			"countryOfResidence": "",
			"countryOfResidenceCode": "",
			"nationality": "",
			"nationalityCode": "",
			"preferredLanguage": "",
			"preferredLanguageCode": "",
			"preferredStudyDestination": "",
			"preferredStudyDestinationCode": "",
			"preferredStudyLevel": "",
			"preferredCounsellingMode": "",
			"studyPlanMonthYear": "",
			"howDidYouHear": "",
			"nearestIdpOffice": "",
			"contactMeBy": "",
			"tcAcceptance": "",
			"marketingAcceptance": "",
			"source": "",
			"channel": ""
		}
	}
}