{
  "statusMessage": "Successfully retrieved packages.",
  "statusCode": 200,
  "errorMessage": false,
  "packages": [
    {
      "id": "cae151ed-a31b-4348-ae46-299a22e6ccc5",
      "title": "package1_name Study Abroad in Australia & New Zealand",
      "startDate": "2023-02-16 11:10:00",
      "endDate": "2023-03-30 11:10:00",
      "packageType": "PRIVATE",
      "status": "Published",
      "packagePrice": [
        {
          "id": "7b5b8c69-69b3-4f35-8e14-3a6ea14a1bc6",
          "actualPrice": "$5,000.00",
          "price": "$5,000.00",
          "destCountryCode": "AU"
        }
      ],
      "packageEarlyBird": [
        {
          "id": "72f400d2-054f-4b15-a576-7df48eed331b",
          "startDate": "2023-02-16 11:10:00",
          "endDate": "2023-03-30 11:10:00",
          "status": "Published",
          "discount": "$500.00",
          "discountType": "PERCENTAGE",
          "destCountryCode": "AU",
          "price": "$4,500.00"
        }
      ],
      "events": [
        {
          "id": "b62c31f9-7f8a-444d-b5ee-71fcdc8a974c",
          "eventName": "Test event 1 for package 1",
          "startDate": "2023-03-20 11:10:00",
          "endDate": "2023-03-25 11:10:00",
          "destination": "Australia, New Zealand",
          "hostCountry": "IDP India"
        }
      ]
    },
    {
      "id": "8096bf1e-a118-46ba-8b6b-f38f7a899e95",
      "title": "package2_Study Abroad in Australia & New Zealand",
      "startDate": "2023-04-16 11:10:00",
      "endDate": "2023-05-18 11:10:00",
      "packageType": "PRIVATE",
      "status": "Published",
      "packagePrice": [
        {
          "id": "11fb4acc-34cc-4ddf-af2d-180cae707599",
          "actualPrice": "$5,000.00",
          "price": "$5,000.00",
          "destCountryCode": "AU"
        }
      ],
      "packageEarlyBird": [
        {
          "id": "0b56cb2c-a0a0-400d-a4cd-6c1c93e10a40",
          "startDate": "2023-04-16 11:10:00",
          "endDate": "2023-05-18 11:10:00",
          "status": "Published",
          "discount": "$500.00",
          "discountType": "PERCENTAGE",
          "destCountryCode": "AU",
          "price": "$4,500.00"
        }
      ],
      "events": [
        {
          "id": "c460ed2f-cc21-4e87-8b52-e622fb1e3d51",
          "eventName": "Test event 3 for package 2",
          "startDate": "2023-04-20 11:10:00",
          "endDate": "2023-04-25 11:10:00",
          "destination": "Australia, New Zealand",
          "hostCountry": "IDP India"
        }
      ]
    },
    {
      "id": "6bc7472d-e90e-4dce-9fa6-a2502573a9e3",
      "title": "Package3_Study Abroad in Australia & New Zealand",
      "startDate": "2023-05-16 11:10:00",
      "endDate": "2023-06-18 11:10:00",
      "packageType": "PRIVATE",
      "status": "Published",
      "packagePrice": [
        {
          "id": "d2c22141-fee6-46bc-88cb-a341d6fcafc3",
          "actualPrice": "$5,000.00",
          "price": "$5,000.00",
          "destCountryCode": "AU"
        }
      ],
      "packageEarlyBird": [
        {
          "id": "585307df-8994-4a4e-ae71-4e2aa0dd3276",
          "startDate": "2023-05-16 11:10:00",
          "endDate": "2023-06-18 11:10:00",
          "status": "Published",
          "discount": "$500.00",
          "discountType": "PERCENTAGE",
          "destCountryCode": "AU",
          "price": "$4,500.00"
        }
      ],
      "events": [
        {
          "id": "8531da35-b7d0-4691-a7f7-7259b696ee5e",
          "eventName": "Test event 1 for package 3",
          "startDate": "2023-05-20 11:10:00",
          "endDate": "2023-05-25 11:10:00",
          "destination": "Australia, New Zealand",
          "hostCountry": "IDP India"
        }
      ]
    },
    {
      "id": "4728eef8-d63d-4109-8def-bfb862c85645",
      "title": "package4_name Study Abroad in Australia & New Zealand",
      "startDate": "2023-06-16 11:10:00",
      "endDate": "2023-07-18 11:10:00",
      "packageType": "PRIVATE",
      "status": "Published",
      "packagePrice": [
        {
          "id": "0a064e21-dd15-4a10-b301-02f4abafe0ab",
          "actualPrice": "$5,000.00",
          "price": "$5,000.00",
          "destCountryCode": "AU"
        }
      ],
      "packageEarlyBird": [
        {
          "id": "f10a4ff4-468c-45a8-9798-eecbc6028540",
          "startDate": "2023-06-16 11:10:00",
          "endDate": "2023-07-18 11:10:00",
          "status": "Published",
          "discount": "$500.00",
          "discountType": "PERCENTAGE",
          "destCountryCode": "AU",
          "price": "$4,500.00"
        }
      ],
      "events": [
        {
          "id": "bf1845c5-db7d-48dc-9e90-22e49bf84e60",
          "eventName": "Test event 1 for package 4",
          "startDate": "2023-06-20 11:10:00",
          "endDate": "2023-06-25 11:10:00",
          "destination": "Australia, New Zealand",
          "hostCountry": "IDP India"
        }
      ]
    },
    {
      "id": "4720388f-ef0b-450d-8f7f-03cdf34526b3",
      "title": "package5_name Study Abroad in Australia & New Zealand",
      "startDate": "2023-07-16 11:10:00",
      "endDate": "2023-08-18 11:10:00",
      "packageType": "PRIVATE",
      "status": "Published",
      "packagePrice": [
        {
          "id": "29fc669f-9f98-45c8-a829-2dc4e3a3bfa2",
          "actualPrice": "$5,000.00",
          "price": "$5,000.00",
          "destCountryCode": "AU"
        }
      ],
      "packageEarlyBird": [
        {
          "id": "9d05feef-fd51-4779-8933-c2132865dafa",
          "startDate": "2023-07-16 11:10:00",
          "endDate": "2023-08-18 11:10:00",
          "status": "Published",
          "discount": "$500.00",
          "discountType": "PERCENTAGE",
          "destCountryCode": "AU",
          "price": "$4,500.00"
        }
      ],
      "events": [
        {
          "id": "f834416b-9847-4e92-b5e6-9f84911e8225",
          "eventName": "Test event 1 for package 5",
          "startDate": "2023-07-20 11:10:00",
          "endDate": "2023-07-25 11:10:00",
          "destination": "Australia, New Zealand",
          "hostCountry": "IDP India"
        }
      ]
    },
    {
      "id": "3b559282-5019-4ccc-9bed-77e620c5a6fa",
      "title": "package6_name Study Abroad in Australia & New Zealand",
      "startDate": "2023-08-16 11:10:00",
      "endDate": "2023-09-20 11:10:00",
      "packageType": "PRIVATE",
      "status": "Published",
      "packagePrice": [
        {
          "id": "8127691c-e9ca-430b-8c79-cae75d9084d2",
          "actualPrice": "$5,000.00",
          "price": "$5,000.00",
          "destCountryCode": "AU"
        }
      ],
      "packageEarlyBird": [
        {
          "id": "08a73eae-b996-42c4-9d74-3741747d7b9e",
          "startDate": "2023-08-16 11:10:00",
          "endDate": "2023-09-20 11:10:00",
          "status": "Published",
          "discount": "$500.00",
          "discountType": "PERCENTAGE",
          "destCountryCode": "AU",
          "price": "$4,500.00"
        }
      ],
      "events": [
        {
          "id": "5c671a10-bc7e-4b78-8295-48f64eae00db",
          "eventName": "Test event 1 for package 6",
          "startDate": "2023-08-20 11:10:00",
          "endDate": "2023-08-25 11:10:00",
          "destination": "Australia, New Zealand",
          "hostCountry": "IDP India"
        }
      ]
    }
  ]
}